Country,Athletes,Medal_Rate
USA,46,0.5
NOR,24,0.4583333333333333
ITA,23,0.391304347826087
CAN,48,0.375
SUI,17,0.35294117647058826
SWE,31,0.2903225806451613
FRA,18,0.2777777777777778
NED,16,0.25
AUT,12,0.25
FIN,11,0.18181818181818182
CZE,17,0.17647058823529413
BRA,6,0.16666666666666666
CHN,18,0.16666666666666666
JPN,15,0.13333333333333333
KOR,16,0.125
HUN,10,0.1
GER,24,0.08333333333333333
NZL,8,0.0
POL,5,0.0
SLO,7,0.0
SVK,1,0.0
GBR,8,0.0
AUS,6,0.0
