model,threshold,accuracy,precision,recall,f1,f1_macro,f1_weighted,auc_roc
log_reg,0.4750000000000001,0.782051282051282,0.5666666666666667,0.8095238095238095,0.6666666666666666,0.7523809523809524,0.7919413919413919,0.8454469507101087
rf,0.48500000000000004,0.7948717948717948,0.6470588235294118,0.5238095238095238,0.5789473684210527,0.7216770740410348,0.7875523227887189,0.8145363408521302
